w,price,delivery_time,product_url
"Fortune Sunlite Refined Sunflower Oil, 870 gm Pou…",₹150.00,Not Found,https://www.amazon.in/Fortune-Sunlite-Refined-Sunflower-Oil/dp/B00NYZTGEO
"Fortune Rice Bran Health Oil, Cooking Oil for Healthier H…",₹149.00,Not Found,https://www.amazon.in/Fortune-Rice-Bran-Health-1L/dp/B00NYZU698
Fortune Pehli Dhaar First Pressed Kachi Ghani Must…,₹205.00,Tomorrow by 8 PM,https://www.amazon.in/sspa/click
Saffola Gold Refined Cooking oil | Power of 3 - Balance of…,₹184.00,Not Found,https://www.amazon.in/Saffola-Healthy-Lifestyle-Edible-Pouch/dp/B00L13WLFW
Fortune Xpert Pro Immunity Oil | Blend of Rice Bran Oil…,₹159.00,Not Found,https://www.amazon.in/sspa/click
Tata Simply Better Pure & Unrefined Cold Pressed Vir…,₹470.00,Tomorrow by 8 PM,https://www.amazon.in/sspa/click
"Dhara Filtered Groundnut Oil (0% Trans Fat), 1 L Pouch",₹181.00,Not Found,https://www.amazon.in/Dhara-Groundnut-Oil-Pouch-1L/dp/B01N174GH7
"Amul Pure Ghee, 500 ml Pouch",₹317.00,Not Found,https://www.amazon.in/Amul-Pure-Ghee-500ml-Pack/dp/B06XHMQB98
Gowardhan Pure Cow Ghee Jar 500 Ml,₹381.00,Not Found,https://www.amazon.in/Gowardhan-Ghee-Jar-500ml/dp/B01LY9YQHO
Amazon Brand - Vedaka Cow Ghee | 1 L Jar | Rich Aroma,₹725.00,Tomorrow by 8 PM,https://www.amazon.in/sspa/click
Gowardhan Ghee Festival Pack With Lock & Seal Con…,"₹1,400.00",Not Found,https://www.amazon.in/sspa/click
Gits Cow Ghee 200 ml Carton | Pack of 1 | Aroma i…,₹162.00,Tomorrow by 8 PM,https://www.amazon.in/sspa/click
Gowardhan Pure Cow Ghee Jar 1 Litre,₹713.00,Not Found,https://www.amazon.in/Gowardhan-Ghee-Jar-1L/dp/B01L1QNQEI
"Patanjali Cow's Ghee, 1L(1 kg)",₹665.00,Not Found,https://www.amazon.in/Patanjali-Cows-Ghee-1L/dp/B01DKPA876
"Oleev Olive Pomace Oil for Everyday Cooking, 1L PET…",₹469.00,Tomorrow by 8 PM,https://www.amazon.in/Oleev-Olive-Pomace-Oil-Liter/dp/B01C3VRIMQ
Jivo Extra Virgin Olive Oil 1 litre | Contains Vitamin E | L…,₹791.00,Tomorrow by 8 PM,https://www.amazon.in/Contains-Vitamin-Saturated-Dressings-Marinades/dp/B093BMGPQC
Del Monte Pomace Olive Oil (Imported) | All purpose coo…,₹618.00,Tomorrow by 8 PM,https://www.amazon.in/Del-Monte-Pomace-Olive-Pouch/dp/B08QWPVX3H
Jivo Pomace Cooking Edible Olive Oil 5 Litre Tin | Reco…,"₹1,951.00",Tomorrow by 8 PM,https://www.amazon.in/sspa/click
Fígaro Extra Light Tasting Olive Oil- Ideal for All India…,"₹2,341.00",Tomorrow by 8 PM,https://www.amazon.in/sspa/click
"Oleev Active, with Goodness of Olive Oil, 1L Pouch",₹249.00,Not Found,https://www.amazon.in/Oleev-Active-Pouch-1L/dp/B079GXNZD6
"Oleev Smart Oil, Fortified with VIT A, D, E and K, 1L Pouch",₹165.00,Not Found,https://www.amazon.in/Oleev-Smart-Pouch-1L/dp/B079H113DM
"Oleev Active, with Goodness of Olive Oil Can, 5L Can","₹1,312.00",Tomorrow by 8 PM,https://www.amazon.in/Oleev-Active-Goodness-Everyday-Cooking/dp/B07JMXTYBC
"Jivo Extra Light Olive Oil - 1 Liter | Oil for Cooking, Dres…",₹555.00,Not Found,https://www.amazon.in/Jivo-Extra-Cooking-Dressings-Marinades/dp/B09HZY97FR
"Patanjali Groundnut Oil, Kacchi Ghani, Virgin, Unrefi…",₹206.00,Today 7 PM - 9 PM,https://www.amazon.in/Patanjali-Ground-Edible-Cooking-Baking/dp/B0CPY4VRZ6
Jivo So-Olive Oil - 1L | Premium Blend of Rice Bra…,₹249.00,Tomorrow by 8 PM,https://www.amazon.in/Jivo-So-Olive-Oil-Nutritious-Lifestyle/dp/B0DC6JR4F3
IndicWisdom Wood Pressed Safflower Oil 1 Liter (Cold P…,₹481.00,Tomorrow by 8 PM,https://www.amazon.in/IndicWisdom-Cold-Pressed-Safflower-Oil/dp/B073HGT6M3
Borges Extra Virgin Olive Oil - 500 ml |First Cold Extractio…,₹750.00,Today 7 PM - 9 PM,https://www.amazon.in/Borges-Extra-Virgin-Olive-500ml/dp/B0030EGQBK
Sweekar Refined Sunflower Oil 840 gm,₹174.00,Today 7 PM - 9 PM,https://www.amazon.in/Sweekar-Refined-Sunflower-Oil-Lite/dp/B074N7X154
Conscious Food Cold Pressed Virgin Coconut Oil…,₹199.00,Today 7 PM - 9 PM,https://www.amazon.in/Conscious-Food-Pressed-Coconut-Certified/dp/B0C59CN4YS
"Soulflower Pooja Oil for Akhand Jyot, Hawan, Grah…",₹245.00,Tomorrow by 8 PM,https://www.amazon.in/Soulflower-Kesar-Sandalwood-Puja-225ml/dp/B00KAB6WME
