name,product_id,product_url
Indian Tomato,Not Found,Not Found
Lady's Finger (Bendekaayi),Not Found,Not Found
Potato (Aloo Gadde),Not Found,Not Found
Onion (Eerulli),Not Found,Not Found
Ooty Carrot,Not Found,Not Found
Green Capsicum (Donne Menasinakaayi),Not Found,Not Found
Cauliflower (Hoo Kosu),Not Found,Not Found
Haricot Beans,Not Found,Not Found
Carrot,Not Found,Not Found
Green Cucumber (Hasiru Soutekaayi),Not Found,Not Found
Hybrid Tomato,Not Found,Not Found
Drumstick (Nuggekaayi),Not Found,Not Found
Ridge Gourd (Herekaayi),Not Found,Not Found
English Cucumber (Sowthekaayi),Not Found,Not Found
Coccinia (Tondekaayi),Not Found,Not Found
White Radish (Moolangi),Not Found,Not Found
Sweet Potato (Sihi Genasu),Not Found,Not Found
Pointed Gourd (Parwal),Not Found,Not Found
Beetroot,Not Found,Not Found
Kateri Brinjal (Geeru Gundu Badanekaayi),Not Found,Not Found
Bitter Gourd (Haagalakaayi),Not Found,Not Found
Cowpea Beans (Karamani),Not Found,Not Found
Forest Bitter Gourd (Kaadu Hagalakaayi),Not Found,Not Found
Cluster Beans (Gorikaayi),Not Found,Not Found
Raw Banana (Baalekaayi),Not Found,Not Found
Curry Leaves & Coriander Leaves,Not Found,Not Found
Long Purple Brinjal (Udda Badanekaayi),Not Found,Not Found
Bottle Gourd (Sorekaayi),Not Found,Not Found
Red Bell Pepper,Not Found,Not Found
Yellow Bell Pepper,Not Found,Not Found
Mint Leaves & Coriander Leaves,Not Found,Not Found
Raw Mango (Mavinakaayi),Not Found,Not Found
Broccoli,Not Found,Not Found
Totapuri Raw Mango (Mavinahannu),Not Found,Not Found
Curry Leaves & Green Chilli,Not Found,Not Found
Coconut (Thenginakaayi),Not Found,Not Found
French Beans (Bili Hurulikaayi),Not Found,Not Found
Haricot Beans & Ooty Carrot,Not Found,Not Found
Spinach & Coriander Leaves,Not Found,Not Found
Yellow Zucchini,Not Found,Not Found
Garlic & Ginger,Not Found,Not Found
Herbs Mix,Not Found,Not Found
Hybrid Tomato & Onion,Not Found,Not Found
Purple Bharta Brinjal & Cauliflower,Not Found,Not Found
"Onion, Potato & Hybrid Tomato",Not Found,Not Found
"Onion, Potato & Desi Tomato",Not Found,Not Found
Beetroot & Carrot,Not Found,Not Found
Herbs and Seasonings,Not Found,Not Found
Daily Seasonings Mix,Not Found,Not Found
Lunch Box Veggies,Not Found,Not Found
Fresh Seasonal Vegetable,Not Found,Not Found
Daily Salad,Not Found,Not Found
Freshcon Cooked Rajma & Black Chickpeas,Not Found,Not Found
Freshcon Cooked Chickpeas & Black Chickpeas,Not Found,Not Found
Unbranded Ginger & Tata tea gold premium assam tea rich taste & irresistible aroma,Not Found,Not Found
"Unbranded Ginger & Red label natural care tea, with 5 ayurvedic ingredients",Not Found,Not Found
Unbranded Ginger & Red label tea,Not Found,Not Found
"Unbranded Lemon, Ginger & Organic india tulsi green tea classic 25 tea bags",Not Found,Not Found
"Unbranded Lemon, Ginger & Tetley ginger, mint & lemon green tea (tea bags)",Not Found,Not Found
Unbranded Ginger & 3 roses dust tea,Not Found,Not Found
"Unbranded Lemon, Ginger & Lipton honey lemon green tea (tea bags)",Not Found,Not Found
Colocasia (Arbi),Not Found,Not Found
Turnip (Navilukosu),Not Found,Not Found
Red Carrot (Kempu Carrot),Not Found,Not Found
Baby Potato (Chikka Aloo Gadde),Not Found,Not Found
Pooja Coconut (Small),Not Found,Not Found
Daily Leafies,Not Found,Not Found
Ambazhanga (Mango For Pickle),Not Found,Not Found
Snibs Snack Peppers,Not Found,Not Found
Sambar Onion (Sambar Eerulli),Not Found,Not Found
Chow Chow (Seeme Badane),Not Found,Not Found
Mangalore Long Beans,Not Found,Not Found
Round Gourd (Dundagina Sorekaayi),Not Found,Not Found
Mangalore Brinjal,Not Found,Not Found
Snake Gourd (Padavalakaayi),Not Found,Not Found
Freshcon Cooked Chickpeas & Sweetcorn,Not Found,Not Found
Yam Portion (Suvarna Gedde),Not Found,Not Found
Red Cabbage (Kempu Yelekosu),Not Found,Not Found
Freshcon Cooked Rajma & Sweetcorn,Not Found,Not Found
Green Peas (Batani),Not Found,Not Found
Green Zucchini,Not Found,Not Found
Broad Beans (Huralikaayi),Not Found,Not Found
White Onion (Bili Eerulli),Not Found,Not Found
White Bitter Gourd (Bili Haagalakaayi),Not Found,Not Found
Colocasia (Arvi),Not Found,Not Found
Freshcon Cooked Black Chana & Sweetcorn,Not Found,Not Found
Chandramukhi Potato,Not Found,Not Found
