name,price,url
Gourmet Garden Organic Ginger,Not Found,https://www.zeptonow.com/pn/gourmet-garden-organic-ginger/pvid/0d636787-b740-4e97-a40c-0b984405e13b
Coriander leaves,Not Found,https://www.zeptonow.com/pn/coriander-leaves/pvid/90ec80d3-40d9-46b6-8ccb-e1b8cb65a76d
Tomato Local,Not Found,https://www.zeptonow.com/pn/tomato-local/pvid/7e261768-88d6-4cbb-8b9b-8718625577bd
Mushroom Button,Not Found,https://www.zeptonow.com/pn/mushroom-button/pvid/178b3f0f-c01d-4065-8f5c-d1902cbb5d51
Banana Robusta,Not Found,https://www.zeptonow.com/pn/banana-robusta/pvid/436c0025-de54-4748-a189-79e292f26071
Residue Free Indian Cucumber,Not Found,https://www.zeptonow.com/pn/residue-free-indian-cucumber/pvid/60e89994-7cbd-42a2-ae3a-f9d04fa88df9
Chilli Green,Not Found,https://www.zeptonow.com/pn/chilli-green/pvid/3fa81cc0-d5c2-4865-a576-df4677972b26
Fresh Onion,Not Found,https://www.zeptonow.com/pn/fresh-onion/pvid/5b5c1960-d2d1-4528-8a74-bc7280174071
Banana Elaichi / Yelakki,Not Found,https://www.zeptonow.com/pn/banana-elaichi-yelakki/pvid/db471557-f745-4574-9e82-1916a88d9e6b
Broccoli,Not Found,https://www.zeptonow.com/pn/broccoli/pvid/a23b9914-8c62-4d83-b30d-12609ea50339
Residue Free Coriander,Not Found,https://www.zeptonow.com/pn/residue-free-coriander/pvid/7a87acab-a907-45ee-bbb4-8ff97d5bfa6c
"Curry Leaves - Cleaned, without roots",Not Found,https://www.zeptonow.com/pn/curry-leaves-cleaned-without-roots/pvid/08ddb9aa-3de4-4f39-a684-ac58e02c70ed
Snacky Avocado,Not Found,https://www.zeptonow.com/pn/snacky-avocado/pvid/41bdd706-3d49-4c67-abc2-364679e3a16b
Fresh Potato,Not Found,https://www.zeptonow.com/pn/fresh-potato/pvid/a8043677-61c7-4af4-b784-b6aa225306a4
Watermelon Kiran(Tarbooj),Not Found,https://www.zeptonow.com/pn/watermelon-kirantarbooj/pvid/360f5333-15c1-468d-9afd-8cd40aad64d7
Lady Finger,Not Found,https://www.zeptonow.com/pn/lady-finger/pvid/abe657be-567e-4288-ba48-7ddd0a8a1271
"Spinach - Cleaned, without roots",Not Found,https://www.zeptonow.com/pn/spinach-cleaned-without-roots/pvid/eeb31b35-04a7-47a7-a434-dd6625f1e82c
Apple Royal Gala,Not Found,https://www.zeptonow.com/pn/apple-royal-gala/pvid/e47494e2-dd0c-456e-9489-154b729c1716
Gourmet Garden Organic Garlic,Not Found,https://www.zeptonow.com/pn/gourmet-garden-organic-garlic/pvid/b5d7c78b-96d9-447d-8941-7bd67817f46e
Muskmelon,Not Found,https://www.zeptonow.com/pn/muskmelon/pvid/b27712ea-5097-4c98-9250-ff25bbb71415
Mint Leaves,Not Found,https://www.zeptonow.com/pn/mint-leaves/pvid/ff5984f3-0bfb-4553-a959-7033078b1a85
Avocado Hass Imported,Not Found,https://www.zeptonow.com/pn/avocado-hass-imported/pvid/4db7d95b-1bc9-429a-9456-f4393526796e
Carrot Local,Not Found,https://www.zeptonow.com/pn/carrot-local/pvid/30db5880-2b4a-4955-9c2d-833749f7adc2
Sapota,Not Found,https://www.zeptonow.com/pn/sapota/pvid/e954f385-e7b9-44d5-ad8c-d5c94512903a
Beans Haricot,Not Found,https://www.zeptonow.com/pn/beans-haricot/pvid/4b83db84-5dab-4fd4-9888-34d71f0cd458
Lemon,Not Found,https://www.zeptonow.com/pn/lemon/pvid/0d043da8-bd98-456e-b424-d5312993f188
Baby Orange,Not Found,https://www.zeptonow.com/pn/baby-orange/pvid/6f416513-2be6-4c46-9124-a217a83eb96a
Gourmet Garden Organic Green Chilli,Not Found,https://www.zeptonow.com/pn/gourmet-garden-organic-green-chilli/pvid/a5e58a14-ddfd-4556-b773-5c54e9f76a45
Lettuce Green,Not Found,https://www.zeptonow.com/pn/lettuce-green/pvid/ec1570e5-8089-492c-b3b3-abd7d14fdf25
Ginger,Not Found,https://www.zeptonow.com/pn/ginger/pvid/2952f7bd-4254-413a-9c74-7f0717d2e5e7
Cauliflower,Not Found,https://www.zeptonow.com/pn/cauliflower/pvid/26574e4c-d976-4428-a3a6-2711e0a17485
Mango Banganapalli,Not Found,https://www.zeptonow.com/pn/mango-banganapalli/pvid/023ab12f-7d5f-47f8-aef8-b490942ea08b
Capsicum Red & Yellow,Not Found,https://www.zeptonow.com/pn/capsicum-red-yellow/pvid/2130e3f3-dda7-4774-a9a7-c0335c1502ec
Capsicum Green,Not Found,https://www.zeptonow.com/pn/capsicum-green/pvid/be948caa-a17a-4a9f-aa58-9a8d7ca66fab
Garlic,Not Found,https://www.zeptonow.com/pn/garlic/pvid/5c1bb975-875c-4a7d-97a0-5bcb0b9f2449
Coconut Big,Not Found,https://www.zeptonow.com/pn/coconut-big/pvid/707ae90d-e115-40e9-96b2-85b43471d33c
Residue Free Mint Leaves,Not Found,https://www.zeptonow.com/pn/residue-free-mint-leaves/pvid/f207092f-6dc4-4007-a032-a96725201b9a
Beetroot,Not Found,https://www.zeptonow.com/pn/beetroot/pvid/02276424-5793-4830-aefa-4ba54145e0e3
Fenugreek (Methi) without root,Not Found,https://www.zeptonow.com/pn/fenugreek-methi-without-root/pvid/2aa60e3e-2d3c-439f-b0c1-ef4aa6abf7a8
Tender Coconut,Not Found,https://www.zeptonow.com/pn/tender-coconut/pvid/b9fbf0e7-de2d-4a89-ae74-b12a7c0ab236
Apple Royal Gala,Not Found,https://www.zeptonow.com/pn/apple-royal-gala/pvid/55835f1d-aaa2-4331-8279-b3adf07dca3d
Gourmet Garden Organic Onion,Not Found,https://www.zeptonow.com/pn/gourmet-garden-organic-onion/pvid/485e24fd-ebd5-4c8d-ad8e-ea36bcc130ee
Cabbage,Not Found,https://www.zeptonow.com/pn/cabbage/pvid/74d7238d-08ab-4e83-b571-eaa05e84e582
Capsicum Mixed,Not Found,https://www.zeptonow.com/pn/capsicum-mixed/pvid/b77c2271-6815-4ff0-9d58-e2bf536e97c4
Grapes Bangalore Blue,Not Found,https://www.zeptonow.com/pn/grapes-bangalore-blue/pvid/27637547-d546-4c86-b13a-040428062fd5
Lettuce Iceberg,Not Found,https://www.zeptonow.com/pn/lettuce-iceberg/pvid/370bf2eb-11a9-40cb-915a-998162d73593
"Dill Leaves (Soya Saag) - Cleaned, without roots",Not Found,https://www.zeptonow.com/pn/dill-leaves-soya-saag-cleaned-without-roots/pvid/25f88b0e-962f-4133-8e22-c0d2dee9b19f
Bottle Gourd,Not Found,https://www.zeptonow.com/pn/bottle-gourd/pvid/21dd96c3-e916-49e1-a194-9cc4d528b208
Papaya,Not Found,https://www.zeptonow.com/pn/papaya/pvid/9d6ab15c-70e5-410f-9d4b-82be81494244
Organic Lady Finger,Not Found,https://www.zeptonow.com/pn/organic-lady-finger/pvid/a037ea33-5355-4b0a-8340-828c8b573af6
Spring Onion,Not Found,https://www.zeptonow.com/pn/spring-onion/pvid/78c00b05-15a0-4b51-88e9-9850f1235e8b
Pear Green Imported,Not Found,https://www.zeptonow.com/pn/pear-green-imported/pvid/21f72e96-f33d-4ea8-9d26-de669be18ba6
Cucumber English,Not Found,https://www.zeptonow.com/pn/cucumber-english/pvid/3f8cb7e9-6df1-4704-a790-d0903f171f91
Grapes Green Seedless,Not Found,https://www.zeptonow.com/pn/grapes-green-seedless/pvid/74f9abe4-2ba4-45f5-ab52-3ecf7e2e010f
Rosemary,Not Found,https://www.zeptonow.com/pn/rosemary/pvid/715b7837-7c74-45bf-8342-e1dd81662c67
Coccinia,Not Found,https://www.zeptonow.com/pn/coccinia/pvid/da639f84-db20-457e-a656-d721b7478551
Amaranthus Red,Not Found,https://www.zeptonow.com/pn/amaranthus-red/pvid/fff7ae56-9047-4959-9061-c1bee08b6596
Gooseberry (Amla),Not Found,https://www.zeptonow.com/pn/gooseberry-amla/pvid/e6d376c7-ea3b-4c34-afd3-bc18ad473530
Chilli Bajji,Not Found,https://www.zeptonow.com/pn/chilli-bajji/pvid/3d0c7b86-b97f-4b7b-b886-15fbd73b9d70
Tomato Hybrid,Not Found,https://www.zeptonow.com/pn/tomato-hybrid/pvid/2dc82b6a-f898-40c9-a47c-1b9b0888c01c
Pomegranate,Not Found,https://www.zeptonow.com/pn/pomegranate/pvid/085b06eb-cf40-4922-acee-ad29826410f5
Brinjal Small,Not Found,https://www.zeptonow.com/pn/brinjal-small/pvid/b2e55c3e-11b6-4aa8-978c-dd7b3b4ef8d5
Mosambi,Not Found,https://www.zeptonow.com/pn/mosambi/pvid/86c59022-7b8d-4d66-b02c-7729518ef4e5
Blueberry,Not Found,https://www.zeptonow.com/pn/blueberry/pvid/b7d27beb-b7da-4caa-b7a3-4e520062d9c7
Amaranthus Green,Not Found,https://www.zeptonow.com/pn/amaranthus-green/pvid/de3ea032-3f2f-452a-8858-cfade1ede46d
Muskmelon Striped,Not Found,https://www.zeptonow.com/pn/muskmelon-striped/pvid/2a684a4b-9e5a-426f-91a7-3d7d1df179f8
Sweet Potato,Not Found,https://www.zeptonow.com/pn/sweet-potato/pvid/34fd6270-8eaa-4e7a-b349-7a59aab89184
Kiwi Green,Not Found,https://www.zeptonow.com/pn/kiwi-green/pvid/862df01f-c0d6-4bc9-9731-347885d2113d
Ginger,Not Found,https://www.zeptonow.com/pn/ginger/pvid/ab138176-efd2-461f-9de2-3c2b8751d4e3
Radish White,Not Found,https://www.zeptonow.com/pn/radish-white/pvid/c32d6d29-9eba-4d4b-829d-4978ccd4203b
Gourmet Garden Organic Coriander,Not Found,https://www.zeptonow.com/pn/gourmet-garden-organic-coriander/pvid/51a44ab7-7833-4365-91ca-ab75d77cc79a
Garlic,Not Found,https://www.zeptonow.com/pn/garlic/pvid/da61120b-54ec-4dc3-88eb-520d862631a9
Drumsticks,Not Found,https://www.zeptonow.com/pn/drumsticks/pvid/73bb161e-0c86-4e98-9565-b3f8eb6a6354
Mango Sindhura,Not Found,https://www.zeptonow.com/pn/mango-sindhura/pvid/c2d83fe7-c4c4-4c86-98c6-3e3465b86c9c
Cucumber Green,Not Found,https://www.zeptonow.com/pn/cucumber-green/pvid/c171ea4a-1c0d-46ea-a6fa-df18be17fd02
Banana Nendran,Not Found,https://www.zeptonow.com/pn/banana-nendran/pvid/ff1a1bc0-24a3-4663-8e53-48690cf15c3c
Bitter Gourd,Not Found,https://www.zeptonow.com/pn/bitter-gourd/pvid/65680ce0-0af2-48ba-b1c0-b1efe7d5e383
Beans French,Not Found,https://www.zeptonow.com/pn/beans-french/pvid/ff305635-6260-45eb-8b10-93b738c5e263
Pomegranate,Not Found,https://www.zeptonow.com/pn/pomegranate/pvid/41c47728-b1eb-4fca-a7b4-91b6be00365b
Gourmet Garden Organic Cherry Tomato,Not Found,https://www.zeptonow.com/pn/gourmet-garden-organic-cherry-tomato/pvid/01117c6d-2221-4a0f-a9f8-80be94e20cfc
Brinjal Bharta 2pc,Not Found,https://www.zeptonow.com/pn/brinjal-bharta-2pc/pvid/9e3adb71-8eb4-4b18-8e83-a18877976c03
Pineapple,Not Found,https://www.zeptonow.com/pn/pineapple/pvid/31d5d84e-c818-43d6-848a-bd10b774d847
Ridge Gourd,Not Found,https://www.zeptonow.com/pn/ridge-gourd/pvid/1d1a07a8-777b-4613-9e09-4e54266002e0
Carrot Ooty,Not Found,https://www.zeptonow.com/pn/carrot-ooty/pvid/d288141b-fe26-4407-a729-4ca7f827a092
Carrot Local,Not Found,https://www.zeptonow.com/pn/carrot-local/pvid/38e1b33f-32d2-48bc-8b97-e5b04abf0743
Orange Imported,Not Found,https://www.zeptonow.com/pn/orange-imported/pvid/751fc53d-c2b3-44e0-9ffb-d076a512ef91
Coconut Kalash,Not Found,https://www.zeptonow.com/pn/coconut-kalash/pvid/747bca2c-284c-41b9-88e0-a556e2bd086a
Beans Cluster (Gawar Phali),Not Found,https://www.zeptonow.com/pn/beans-cluster-gawar-phali/pvid/0c372bab-6a46-4c79-a899-f481cb6e9449
Banana Raw,Not Found,https://www.zeptonow.com/pn/banana-raw/pvid/bd32ffce-cbf9-4085-ab89-f7d6c52a7556
Mango Badami,Not Found,https://www.zeptonow.com/pn/mango-badami/pvid/4233d3ce-294b-4b4e-a7e9-1385eeb71994
Cucumber Malabar,Not Found,https://www.zeptonow.com/pn/cucumber-malabar/pvid/20b54c79-f6df-4484-b1d6-daf1b55ad34e
Mango Mallika,Not Found,https://www.zeptonow.com/pn/mango-mallika/pvid/876f8d8e-0efd-4ffa-9bb1-8587241f7f0b
Mango Totapuri Raw,Not Found,https://www.zeptonow.com/pn/mango-totapuri-raw/pvid/ebcb65d6-66d5-4d51-938f-fd956f576c73
Sweet Corn,Not Found,https://www.zeptonow.com/pn/sweet-corn/pvid/7d396da5-f85c-4fe4-8c86-ed8dca17e528
Tomato Local,Not Found,https://www.zeptonow.com/pn/tomato-local/pvid/5973feaa-ff0c-465d-8c77-ad9fd24bc4a2
Mango Raw,Not Found,https://www.zeptonow.com/pn/mango-raw/pvid/d340f38f-a667-433a-b904-cef49ed0408f
Brinjal Long Purple,Not Found,https://www.zeptonow.com/pn/brinjal-long-purple/pvid/54c14700-182c-4cc5-95a6-5155fc05823f
Lady Finger,Not Found,https://www.zeptonow.com/pn/lady-finger/pvid/e6aa1a3b-848f-47af-b92b-5293e41e0c7c
Fig,Not Found,https://www.zeptonow.com/pn/fig/pvid/f3ae2f1b-8ab5-4752-ae0f-4e94fc0b0bfd
Onion Sambar,Not Found,https://www.zeptonow.com/pn/onion-sambar/pvid/f4f79129-2deb-4995-abdf-e316b1013570
Passion Fruit,Not Found,https://www.zeptonow.com/pn/passion-fruit/pvid/c5263caa-2a7d-4dc7-a67a-cf695a563ab4
Knol Khol,Not Found,https://www.zeptonow.com/pn/knol-khol/pvid/63c30caa-c1cf-44cd-9db2-9b9c143f3d3d
Papaya Raw,Not Found,https://www.zeptonow.com/pn/papaya-raw/pvid/8bb637bf-061f-4ced-9e70-d8dd8d44fcaa
Radish White,Not Found,https://www.zeptonow.com/pn/radish-white/pvid/112400a3-cda1-4a88-85ef-441048cb7ea7
Tender Coconut Orange(King Coconut),Not Found,https://www.zeptonow.com/pn/tender-coconut-orangeking-coconut/pvid/7f925991-b364-4024-805b-715302b21a92
Green Peas,Not Found,https://www.zeptonow.com/pn/green-peas/pvid/3356fbd4-1902-4530-958c-a905ffeb645e
Ash Gourd,Not Found,https://www.zeptonow.com/pn/ash-gourd/pvid/aa891942-3ce5-437e-bb11-0120ae085874
Banana Red,Not Found,https://www.zeptonow.com/pn/banana-red/pvid/8c4c836d-4772-45dc-8679-89579b2b8a05
Baby Potato,Not Found,https://www.zeptonow.com/pn/baby-potato/pvid/e403c472-7c80-4eb6-984e-d0a697c3afd9
Mango Raspuri,Not Found,https://www.zeptonow.com/pn/mango-raspuri/pvid/bf628bd3-508c-4ba0-a4a1-16609a66de66
Ice Apple,Not Found,https://www.zeptonow.com/pn/ice-apple/pvid/62303ea7-0610-4ec7-867b-705203a119bb
Colocasia (Arbi),Not Found,https://www.zeptonow.com/pn/colocasia-arbi/pvid/295c9a24-a03b-46f5-ace0-ca6d671e0af4
Mangosteen,Not Found,https://www.zeptonow.com/pn/mangosteen/pvid/4261940b-9e2b-4d82-b0e1-9c3168d6155e
Brinjal Bharta,Not Found,https://www.zeptonow.com/pn/brinjal-bharta/pvid/f3258e50-c5bd-4200-8f07-25226724b2ee
Cucumber Green,Not Found,https://www.zeptonow.com/pn/cucumber-green/pvid/3e7e82cf-264a-4d3d-99e9-367e321348e9
Sweet Potato,Not Found,https://www.zeptonow.com/pn/sweet-potato/pvid/c69ec279-3ddc-4bce-9cc8-5245c2ee4577
Colocasia (Arbi),Not Found,https://www.zeptonow.com/pn/colocasia-arbi/pvid/b27f9acc-6cc5-49f0-9ff9-769ed85e5e3d
Banana Robusta,Not Found,https://www.zeptonow.com/pn/banana-robusta/pvid/ecbe9d0c-e79b-4348-af0a-12b14c090ad7
Bhoomi Farms Organic Tomato country/Nati Tomato,Not Found,https://www.zeptonow.com/pn/bhoomi-farms-organic-tomato-countrynati-tomato/pvid/580b108a-729b-4175-8613-523fb561f2e5
Tapioca,Not Found,https://www.zeptonow.com/pn/tapioca/pvid/40166e47-cf3e-4fc3-b938-fc5ff9482585
Gourmet Garden Organic Watermelon,Not Found,https://www.zeptonow.com/pn/gourmet-garden-organic-watermelon/pvid/bf40123c-a915-4fbc-a4b9-205a72434e11
Mango Banganapalli,Not Found,https://www.zeptonow.com/pn/mango-banganapalli/pvid/a616d8b7-b335-4038-8e96-73300f6c8cd6
Bhoomi Farms Organic Chilli Green,Not Found,https://www.zeptonow.com/pn/bhoomi-farms-organic-chilli-green/pvid/3ff1226c-1c7d-4af4-abd6-4958198778f2
Cucumber English,Not Found,https://www.zeptonow.com/pn/cucumber-english/pvid/b3c796a6-b654-4f32-9372-8cd4c90ca867
Chilli Green(100gms) & Coriander Leaves With Roots(100gms) Combo,Not Found,https://www.zeptonow.com/pn/chilli-green100gms-coriander-leaves-with-roots100gms-combo/pvid/3c443d0c-a899-46f3-9ec3-5109f798035f
Coriander Leaves Combo,Not Found,https://www.zeptonow.com/pn/coriander-leaves-combo/pvid/c810c39b-b74c-4501-a530-1bfff03dcdd4
Tomato Hybrid 500 g Combo,Not Found,https://www.zeptonow.com/pn/tomato-hybrid-500-g-combo/pvid/f803b9c4-916e-4ce1-9e37-090f9d58b369
Pluckk Sugarcane Cut 175 g Combo,Not Found,https://www.zeptonow.com/pn/pluckk-sugarcane-cut-175-g-combo/pvid/5bbd1686-3289-4a79-b7a4-c3a64e49fb81
Tomato Hybrid 1 kg Combo,Not Found,https://www.zeptonow.com/pn/tomato-hybrid-1-kg-combo/pvid/f8dec6b9-be69-47f0-8dff-9dcbeeaf4dfb
Coccinia 250 g Combo,Not Found,https://www.zeptonow.com/pn/coccinia-250-g-combo/pvid/91103c18-494c-4755-afff-a379f2e56be0
Chilli Green 100 g Combo,Not Found,https://www.zeptonow.com/pn/chilli-green-100-g-combo/pvid/8109c2ee-9135-44aa-8c5f-706cf5c220cf
Tomato Hybrid 500 g Combo,Not Found,https://www.zeptonow.com/pn/tomato-hybrid-500-g-combo/pvid/f84ba25d-d3e9-4fc3-8e23-b8f4c8aed2e4
Residue Free Coriander 100 g Combo,Not Found,https://www.zeptonow.com/pn/residue-free-coriander-100-g-combo/pvid/53cc234c-fe7e-4eb2-b452-975f6f4e9394
Onion Sambar 250 g Combo,Not Found,https://www.zeptonow.com/pn/onion-sambar-250-g-combo/pvid/c1f7dd65-e2d6-46e3-a28a-8b180667b35b
Pluckk Pumpkin Cut 200 g Combo,Not Found,https://www.zeptonow.com/pn/pluckk-pumpkin-cut-200-g-combo/pvid/5fc54a95-c4e3-443c-8846-69afb95f0b91
Carrot Local 500 g Combo,Not Found,https://www.zeptonow.com/pn/carrot-local-500-g-combo/pvid/254664c6-7550-4602-a905-a146ce6f9e92
Sapota 250 g Combo,Not Found,https://www.zeptonow.com/pn/sapota-250-g-combo/pvid/a7e12ef1-1942-4ae7-af68-be634224bdcf
Beans Cluster (Gawar Phali) 250 g Combo,Not Found,https://www.zeptonow.com/pn/beans-cluster-gawar-phali-250-g-combo/pvid/9c14e9c9-18be-4720-ba29-3558345b06a2
Cucumber English 500 g Combo,Not Found,https://www.zeptonow.com/pn/cucumber-english-500-g-combo/pvid/61651f02-5396-49ca-9301-f67e849e3156
Sweet Corn 2 pc Combo,Not Found,https://www.zeptonow.com/pn/sweet-corn-2-pc-combo/pvid/22c029af-eb20-439e-a5b0-eaec1093b8dd
Gooseberry (Amla) 250 g Combo,Not Found,https://www.zeptonow.com/pn/gooseberry-amla-250-g-combo/pvid/c1dfd335-8282-422a-9a9a-cdb824bf5808
Radish White 500 g Combo,Not Found,https://www.zeptonow.com/pn/radish-white-500-g-combo/pvid/17f2fc8b-dcfc-4491-89e5-99f691e286ca
Lady Finger 500 g Combo,Not Found,https://www.zeptonow.com/pn/lady-finger-500-g-combo/pvid/7047d29d-39e6-4dee-9661-83c2c573e116
Garlic 200 g Combo,Not Found,https://www.zeptonow.com/pn/garlic-200-g-combo/pvid/47dc15cb-753b-4f8a-8d82-fb6b608e4e13
Mushroom Button 200 g Combo,Not Found,https://www.zeptonow.com/pn/mushroom-button-200-g-combo/pvid/6279b658-d0b3-48a6-bf19-715d3070a2ec
Tomato Local 500 g Combo,Not Found,https://www.zeptonow.com/pn/tomato-local-500-g-combo/pvid/bb811a6a-263f-43f1-9250-bbd33091c5c9
Baby Potato 500 g Combo,Not Found,https://www.zeptonow.com/pn/baby-potato-500-g-combo/pvid/3c9fe2b7-1dd0-4755-935f-0faba9228605
Lemon(200gms) & Mint Leaves(100gms) Combo,Not Found,https://www.zeptonow.com/pn/lemon200gms-mint-leaves100gms-combo/pvid/e6f83c3f-fc68-4315-8894-e477469a20a2
Fenugreek (Methi) 200 g Combo,Not Found,https://www.zeptonow.com/pn/fenugreek-methi-200-g-combo/pvid/a56afa81-dfe5-457f-ab75-3a9f1100eca3
Banana Robusta 4 pc Combo,Not Found,https://www.zeptonow.com/pn/banana-robusta-4-pc-combo/pvid/832f2fc6-0176-4d12-8f4e-29f902ea9087
Banana Nendran 500 g Combo,Not Found,https://www.zeptonow.com/pn/banana-nendran-500-g-combo/pvid/2a9969e8-f1f0-4c17-84de-601b4cb1c287
Mosambi 500 g Combo,Not Found,https://www.zeptonow.com/pn/mosambi-500-g-combo/pvid/727e906a-2f76-45a3-bd1f-dd3a06074e02
Bottle Gourd 1 pc Combo,Not Found,https://www.zeptonow.com/pn/bottle-gourd-1-pc-combo/pvid/e95a8608-003b-4291-b875-829f46db34c3
Mint Leaves 100 g Combo,Not Found,https://www.zeptonow.com/pn/mint-leaves-100-g-combo/pvid/5ed87828-f9df-41dc-9c4d-0c8336fa4e9d
Residue Free Indian Cucumber 500 g Combo,Not Found,https://www.zeptonow.com/pn/residue-free-indian-cucumber-500-g-combo/pvid/38698c57-810f-4961-8c47-4b9d18181ef6
Lettuce Iceberg 250 g Combo,Not Found,https://www.zeptonow.com/pn/lettuce-iceberg-250-g-combo/pvid/9073eb68-9a95-4342-bb6f-5f54d4143eb3
Beans French 250 g Combo,Not Found,https://www.zeptonow.com/pn/beans-french-250-g-combo/pvid/7078f867-18fb-4df9-baf2-7091b8239354
Beans French & Cauliflower,Not Found,https://www.zeptonow.com/pn/beans-french-cauliflower/pvid/c5999871-d748-4b65-ba0c-058527d3b996
Garlic Peeled 100 g Combo,Not Found,https://www.zeptonow.com/pn/garlic-peeled-100-g-combo/pvid/91ef46a1-5549-4f43-ba12-789768e476ab
"Spinach - Cleaned, without roots 250 g Combo",Not Found,https://www.zeptonow.com/pn/spinach-cleaned-without-roots-250-g-combo/pvid/da393ea7-9942-4953-a306-73d58c99a780
Grapes Green Seedless 500 g Combo,Not Found,https://www.zeptonow.com/pn/grapes-green-seedless-500-g-combo/pvid/653f247a-9749-4a88-8ff5-82afd8d83424
Coconut 1 pc Combo,Not Found,https://www.zeptonow.com/pn/coconut-1-pc-combo/pvid/2c5df316-766d-48cf-9ecb-e1ea2fca0751
Mosambi 2 pc Combo,Not Found,https://www.zeptonow.com/pn/mosambi-2-pc-combo/pvid/e874e660-1508-41f7-b456-a34ebc9a3b62
Avocado Hass Imported 1 pc Combo,Not Found,https://www.zeptonow.com/pn/avocado-hass-imported-1-pc-combo/pvid/0d733335-2ab3-478b-9c22-f0a8833fbc70
Watermelon Kiran(1pc) & Grapes Green Seedless(500gms) Combo,Not Found,https://www.zeptonow.com/pn/watermelon-kiran1pc-grapes-green-seedless500gms-combo/pvid/0f5e2304-e9b8-4bf0-ab66-9e6594c83dfe
Baby Orange 500 g Combo,Not Found,https://www.zeptonow.com/pn/baby-orange-500-g-combo/pvid/490430b4-1c7e-47aa-8a8a-fd1db64b58b6
Mast melon,Not Found,https://www.zeptonow.com/pn/mast-melon/pvid/e6ed033b-199a-4e9f-aafd-6c9cdfd1ecbc
Chinese Essentials,Not Found,https://www.zeptonow.com/pn/chinese-essentials/pvid/63505403-8923-4aa5-aa38-eed1f34bba52
Avocado Hass Imported 1 pc Combo,Not Found,https://www.zeptonow.com/pn/avocado-hass-imported-1-pc-combo/pvid/641e07d2-16b8-4103-97e1-a5f67269d2b3
"Mango Banganapalli(1kg), Muskmelon (1pc) & Watermelon Kiran(1pc) Combo",Not Found,https://www.zeptonow.com/pn/mango-banganapalli1kg-muskmelon-1pc-watermelon-kiran1pc-combo/pvid/1a5eec6f-723c-4447-832b-af21f5919987
Pomegranate 2 pc Combo,Not Found,https://www.zeptonow.com/pn/pomegranate-2-pc-combo/pvid/3b210796-7ee9-4ff1-a95b-bfb745dabe9c
Ice Apple 200 g Combo,Not Found,https://www.zeptonow.com/pn/ice-apple-200-g-combo/pvid/9dbe221e-ef3b-4183-9969-bd7ffe5f14dc
Banana Elaichi / Yelakki 500 g Combo,Not Found,https://www.zeptonow.com/pn/banana-elaichi-yelakki-500-g-combo/pvid/a6bfaa5b-d3fe-469f-a7a7-37afac2025a5
Lettuce Green 100 g Combo,Not Found,https://www.zeptonow.com/pn/lettuce-green-100-g-combo/pvid/ca5324df-754e-4b4b-8163-536d36717952
Jack Fruit Bulbs 200 g Combo,Not Found,https://www.zeptonow.com/pn/jack-fruit-bulbs-200-g-combo/pvid/e47d0b06-8660-4551-b9f2-1f35d73fce19
Apple Royal Gala 2 pc Combo,Not Found,https://www.zeptonow.com/pn/apple-royal-gala-2-pc-combo/pvid/4489c3fc-fcd8-420b-b4ce-78fc71d33553
Amaranthus Red 250 g Combo,Not Found,https://www.zeptonow.com/pn/amaranthus-red-250-g-combo/pvid/ebaeaa67-4c0f-40d6-af04-a7d97fa34324
Broccoli 1 pc Combo,Not Found,https://www.zeptonow.com/pn/broccoli-1-pc-combo/pvid/1cad61da-af8e-4133-920c-45b6d861e465
"Ginger(200gms), Garlic(200gms) & Chilli Green(100gms) Mint Leaves(100gms) Coriander Leaves(100gms) Combo",Not Found,https://www.zeptonow.com/pn/ginger200gms-garlic200gms-chilli-green100gms-mint-leaves100gms-coriander-leaves100gms-combo/pvid/72a2593f-970e-4b5a-a858-a339904cec04
"Dill Leaves (Soya Saag) - Cleaned, without roots 100 g Combo",Not Found,https://www.zeptonow.com/pn/dill-leaves-soya-saag-cleaned-without-roots-100-g-combo/pvid/fabc623a-127c-4eee-88db-d73b65a67b96
Carrot Ooty 500 g Combo,Not Found,https://www.zeptonow.com/pn/carrot-ooty-500-g-combo/pvid/a4b8bc9c-fe58-469a-a1c1-53d89c24a0a4
Sweet Potato 500 g Combo,Not Found,https://www.zeptonow.com/pn/sweet-potato-500-g-combo/pvid/ee03994f-6ccc-4908-96e9-deed8ad850fa
Beetroot 500 g Combo,Not Found,https://www.zeptonow.com/pn/beetroot-500-g-combo/pvid/8499c7b0-10ac-459e-b04f-7c84dc3b77c3
Tender coconut with opener,Not Found,https://www.zeptonow.com/pn/tender-coconut-with-opener/pvid/ef71046f-ccc8-410c-8289-3af6c8e05c5a
Kiwi Green X 2 Combo,Not Found,https://www.zeptonow.com/pn/kiwi-green-x-2-combo/pvid/649c0f71-c73b-47a5-b5e0-4cfccebb1422
Rosemary 10 g Combo,Not Found,https://www.zeptonow.com/pn/rosemary-10-g-combo/pvid/08f8b032-b0b7-4bbf-9510-2cd275ce9bd1
Tender Coconut 1 pc Combo,Not Found,https://www.zeptonow.com/pn/tender-coconut-1-pc-combo/pvid/8a14f54e-561b-4c5e-8087-9455c72212ca
Lettuce Green 100 g Combo,Not Found,https://www.zeptonow.com/pn/lettuce-green-100-g-combo/pvid/dd64d411-6441-4f84-9710-e763f77d9fa8
Hydration heroes,Not Found,https://www.zeptonow.com/pn/hydration-heroes/pvid/fbe0aa03-266e-4279-952b-d149044dbdb6
Coccinia 250 g Combo,Not Found,https://www.zeptonow.com/pn/coccinia-250-g-combo/pvid/8248872d-5cfa-4630-a891-56338dc58f68
Coconut Kalash 1 pc Combo,Not Found,https://www.zeptonow.com/pn/coconut-kalash-1-pc-combo/pvid/0dac3bc6-6959-4665-bcf8-3280eb069344
Rosemary 10 g Combo,Not Found,https://www.zeptonow.com/pn/rosemary-10-g-combo/pvid/84647539-dcfb-4dbb-8d8c-78e51b9bfdf4
Apple Royal Gala(2pc) & Banana Robusta (4pc) Combo,Not Found,https://www.zeptonow.com/pn/apple-royal-gala2pc-banana-robusta-4pc-combo/pvid/304e9ebc-84a4-4480-b6de-2f3e07a57285
Apple Royal Gala 4 pc Combo,Not Found,https://www.zeptonow.com/pn/apple-royal-gala-4-pc-combo/pvid/d2e65388-bcdd-4e87-a04e-e6a69e2d47b8
Ginger 200 g Combo,Not Found,https://www.zeptonow.com/pn/ginger-200-g-combo/pvid/6c03ba5d-7831-48eb-8c2b-fb26767dda2c
Tender Coconut 1 pc Combo,Not Found,https://www.zeptonow.com/pn/tender-coconut-1-pc-combo/pvid/d2490e78-fd3b-43a8-9602-9ab73fd1adb5
Cooking Essentials,Not Found,https://www.zeptonow.com/pn/cooking-essentials/pvid/2297cad6-c8ab-463c-923b-1b078244a2f9
Beans French & Carrot Ooty,Not Found,https://www.zeptonow.com/pn/beans-french-carrot-ooty/pvid/95d51450-e4a7-404f-8591-f90782645bd4
Beans Haricot 250 g Combo,Not Found,https://www.zeptonow.com/pn/beans-haricot-250-g-combo/pvid/61d0910f-e045-4a2b-8667-39cdb65d019d
Papaya 1 pc Combo,Not Found,https://www.zeptonow.com/pn/papaya-1-pc-combo/pvid/28adfd7a-4f91-4ab6-834e-1cf38908f4d4
Pluckk Papaya Cut 200 g Combo,Not Found,https://www.zeptonow.com/pn/pluckk-papaya-cut-200-g-combo/pvid/fd25edd1-56ff-4464-895a-3ab5ab518f2b
Orange Imported 2 pc Combo,Not Found,https://www.zeptonow.com/pn/orange-imported-2-pc-combo/pvid/3543e05b-4ffd-41d2-9881-f4c5b68c2f0c
Organic Lady Finger 250 g Combo,Not Found,https://www.zeptonow.com/pn/organic-lady-finger-250-g-combo/pvid/3571389e-4b0e-4c2b-b4aa-29d784e940a1
Banana (4pc) & Sweet Potato (500g) & Apple Royal Gala (2pc) & Grapes Green Seedless (500g) & Watermelon Kiran (1pc) Combo,Not Found,https://www.zeptonow.com/pn/banana-4pc-sweet-potato-500g-apple-royal-gala-2pc-grapes-green-seedless-500g-watermelon-kiran-1pc-combo/pvid/82b0f186-08f2-459b-926f-cca17542b6de
